               epoch,      train/box_loss,      train/obj_loss,      train/cls_loss,   metrics/precision,      metrics/recall,     metrics/mAP_0.5,metrics/mAP_0.5:0.95,        val/box_loss,        val/obj_loss,        val/cls_loss,               x/lr0,               x/lr1,               x/lr2
                   0,             0.11776,            0.071691,            0.080248,          0.00012963,            0.010526,          8.3322e-05,          1.6664e-05,             0.11654,            0.042454,            0.080103,              0.0991,              0.0001,              0.0001
                   1,             0.11684,             0.06582,            0.080129,          0.00013565,            0.010526,          8.4859e-05,          2.5458e-05,             0.11473,            0.044377,            0.080007,            0.097299,          0.00029901,          0.00029901
                   2,             0.11493,            0.066807,            0.080188,                   0,                   0,                   0,                   0,             0.11209,            0.047336,            0.079823,            0.095497,           0.0004967,           0.0004967
                   3,             0.11243,            0.069841,            0.079851,                   0,                   0,                   0,                   0,             0.10896,            0.051107,            0.079575,            0.093693,          0.00069307,          0.00069307
                   4,             0.10985,            0.076903,            0.079695,                   0,                   0,                   0,                   0,             0.10597,            0.054697,            0.079279,            0.091888,          0.00088812,          0.00088812
                   5,               0.107,            0.078305,            0.079273,                   0,                   0,                   0,                   0,             0.10328,            0.057708,            0.078954,            0.090082,           0.0010819,           0.0010819
                   6,             0.10424,            0.086318,            0.078775,                   0,                   0,                   0,                   0,              0.1014,            0.059647,            0.078615,            0.088274,           0.0012743,           0.0012743
                   7,             0.10366,             0.08558,            0.078316,                   0,                   0,                   0,                   0,             0.10072,            0.060502,            0.078265,            0.086465,           0.0014653,           0.0014653
                   8,             0.10222,            0.086762,             0.07793,                   0,                   0,                   0,                   0,             0.10046,             0.06079,            0.077911,            0.084655,           0.0016551,           0.0016551
                   9,              0.1028,            0.079433,             0.07776,                   0,                   0,                   0,                   0,             0.10011,            0.060728,            0.077536,            0.082844,           0.0018436,           0.0018436
                  10,             0.10292,            0.077935,            0.077071,                   0,                   0,                   0,                   0,            0.099465,            0.060866,            0.077149,            0.081031,           0.0020307,           0.0020307
                  11,             0.10256,            0.086984,            0.076797,                   0,                   0,                   0,                   0,            0.098908,            0.060824,            0.076743,            0.079217,           0.0022165,           0.0022165
                  12,             0.10202,            0.089944,            0.076192,                   0,                   0,                   0,                   0,            0.098832,            0.060272,            0.076312,            0.077401,            0.002401,            0.002401
                  13,             0.10286,            0.078625,            0.075491,           0.0010633,           0.0092996,          0.00063086,          0.00014818,            0.099199,            0.059114,            0.075851,            0.075584,           0.0025842,           0.0025842
                  14,             0.10085,            0.078434,            0.075255,          0.00076164,            0.017082,           0.0010185,          0.00020271,             0.09908,            0.058545,            0.075379,            0.073766,            0.002766,            0.002766
                  15,             0.10028,            0.094252,             0.07481,          0.00078553,            0.027899,           0.0019067,          0.00044301,            0.098699,            0.058085,            0.074892,            0.071947,           0.0029465,           0.0029465
                  16,             0.10041,            0.081281,            0.073743,           0.0013529,            0.027569,           0.0028005,          0.00041618,            0.098363,            0.057349,            0.074368,            0.070126,           0.0031258,           0.0031258
                  17,             0.09908,            0.089444,            0.073863,            0.001026,            0.026646,           0.0021499,          0.00028925,            0.098081,            0.056282,             0.07383,            0.068304,           0.0033037,           0.0033037
                  18,             0.09806,            0.078849,            0.073676,           0.0014935,             0.04596,           0.0026256,           0.0003743,            0.097706,            0.055103,             0.07329,             0.06648,           0.0034802,           0.0034802
                  19,            0.099465,            0.074617,            0.071699,           0.0014942,            0.041541,           0.0016267,          0.00028802,            0.097986,            0.053642,            0.072813,            0.064655,           0.0036555,           0.0036555
                  20,            0.097618,             0.07176,            0.071295,           0.0022352,            0.012238,           0.0012534,          0.00030192,            0.098905,            0.053085,            0.072584,            0.062829,           0.0038294,           0.0038294
                  21,            0.099179,            0.077839,            0.071234,           0.0031056,            0.016692,           0.0017434,          0.00040089,            0.099735,             0.05397,            0.072584,            0.061002,            0.004002,            0.004002
                  22,             0.09714,            0.070933,            0.069787,           0.0040478,           0.0083762,           0.0027339,          0.00053409,            0.097007,            0.057893,            0.072644,            0.059173,           0.0041733,           0.0041733
                  23,             0.09757,            0.071305,            0.069134,           0.0028607,           0.0052763,           0.0015369,          0.00039461,            0.098439,              0.0595,             0.07215,            0.057343,           0.0043433,           0.0043433
                  24,            0.095988,            0.066329,            0.068679,             0.21967,           0.0052763,           0.0068382,           0.0023578,            0.095886,            0.059921,            0.071424,            0.055512,           0.0045119,           0.0045119
                  25,            0.098225,            0.071765,             0.06818,           0.0037623,           0.0052928,           0.0029854,          0.00084253,             0.10024,            0.054418,            0.070262,            0.053679,           0.0046793,           0.0046793
                  26,            0.097051,            0.062131,            0.067324,           0.0073373,             0.01978,            0.013227,           0.0032878,            0.090624,             0.05678,            0.070042,            0.051845,           0.0048453,           0.0048453
                  27,            0.094729,            0.067744,            0.067364,             0.27856,           0.0096458,           0.0095717,           0.0034636,            0.094874,            0.061345,            0.070323,             0.05001,             0.00501,             0.00501
                  28,            0.093769,            0.063884,            0.066625,             0.22913,            0.011116,           0.0078549,           0.0033258,            0.092295,            0.058657,            0.069878,            0.048173,           0.0051733,           0.0051733
                  29,            0.090664,            0.053135,            0.065581,             0.01354,            0.021956,            0.011371,           0.0036014,            0.087751,            0.052621,            0.069193,            0.046335,           0.0053354,           0.0053354
                  30,            0.094994,            0.057982,            0.065564,             0.01606,            0.015746,            0.013677,           0.0087622,            0.092298,             0.05068,            0.069054,            0.044496,           0.0054961,           0.0054961
                  31,            0.091641,            0.064139,            0.063998,             0.23862,            0.021956,            0.013925,            0.004162,              0.0921,            0.053264,            0.069007,            0.042656,           0.0056555,           0.0056555
                  32,            0.092395,            0.062528,            0.066061,             0.23707,            0.013155,           0.0090597,           0.0033072,             0.09323,            0.052004,            0.068634,            0.040814,           0.0058136,           0.0058136
                  33,            0.088152,            0.062153,            0.064326,             0.33709,             0.01851,            0.012818,           0.0049487,            0.087086,            0.053755,            0.068468,             0.03897,           0.0059704,           0.0059704
                  34,            0.089171,            0.059244,            0.064187,             0.11496,            0.011407,            0.011821,            0.003803,            0.089176,            0.054299,             0.06851,            0.037126,           0.0061258,           0.0061258
                  35,            0.085475,            0.065661,            0.064332,             0.35346,            0.014846,           0.0092406,            0.003799,            0.091417,            0.052364,            0.068257,             0.03528,             0.00628,             0.00628
                  36,            0.092886,            0.061144,            0.063529,            0.011567,            0.017939,           0.0086461,           0.0024422,            0.090734,            0.050053,            0.068006,            0.033433,           0.0064328,           0.0064328
                  37,            0.085192,             0.06826,             0.06463,             0.27718,           0.0087851,           0.0047145,            0.002362,            0.089432,            0.056836,            0.068217,            0.031584,           0.0065842,           0.0065842
                  38,            0.086649,            0.060622,            0.063791,            0.069515,            0.017939,             0.01448,           0.0067076,            0.083524,            0.054902,            0.068007,            0.029734,           0.0067344,           0.0067344
                  39,            0.085359,            0.061982,            0.063119,              0.1171,            0.010962,           0.0055705,           0.0023605,            0.092154,            0.059613,            0.068251,            0.027883,           0.0068833,           0.0068833
                  40,            0.086547,             0.05363,            0.062555,            0.013484,            0.022724,            0.014546,           0.0072305,            0.081773,            0.052595,            0.067507,            0.026031,           0.0070308,           0.0070308
                  41,            0.085639,            0.067331,            0.063851,            0.012488,            0.021471,            0.010212,           0.0039013,             0.08707,             0.06009,             0.06763,            0.024177,            0.007177,            0.007177
                  42,            0.085382,            0.057611,            0.063182,            0.014182,            0.022724,            0.013006,           0.0048445,            0.083519,             0.05043,            0.067065,            0.022322,           0.0073219,           0.0073219
                  43,             0.08284,            0.061788,            0.063749,            0.010995,            0.018863,             0.01297,           0.0062105,            0.084231,            0.057141,             0.06717,            0.020465,           0.0074655,           0.0074655
                  44,             0.08486,            0.057687,            0.063074,            0.010395,            0.042424,            0.013835,           0.0045243,            0.084281,            0.049521,            0.066671,            0.018608,           0.0076077,           0.0076077
                  45,            0.080069,            0.055268,            0.064056,            0.013844,            0.048999,            0.013671,           0.0043496,            0.084113,            0.048505,            0.066554,            0.016749,           0.0077486,           0.0077486
                  46,            0.084239,            0.053157,            0.062013,            0.010678,            0.017939,            0.011331,           0.0049416,            0.083381,            0.051531,            0.066508,            0.014888,           0.0078883,           0.0078883
                  47,            0.080361,            0.060204,             0.06325,            0.013463,            0.039339,             0.01354,            0.004513,            0.083971,            0.052713,            0.066571,            0.013027,           0.0080266,           0.0080266
                  48,            0.083689,            0.062528,            0.061522,            0.061005,            0.016271,           0.0081885,           0.0020991,            0.087533,            0.058345,            0.066463,            0.011164,           0.0081635,           0.0081635
                  49,            0.081893,            0.059986,            0.061298,             0.01789,            0.044717,            0.021496,           0.0067915,             0.07855,            0.051569,            0.065997,           0.0092992,           0.0082992,           0.0082992
                  50,             0.07975,            0.060377,            0.061543,             0.01989,            0.017939,            0.013596,           0.0025466,            0.087743,            0.056221,              0.0661,             0.00835,             0.00835,             0.00835
                  51,            0.082102,            0.055113,            0.060944,             0.59228,            0.061307,            0.016093,           0.0057466,            0.075698,            0.049031,             0.06565,             0.00835,             0.00835,             0.00835
                  52,            0.078727,            0.061843,            0.062313,            0.017817,            0.022724,            0.015858,           0.0045034,            0.080578,            0.062759,            0.066187,            0.008317,            0.008317,            0.008317
                  53,            0.077679,            0.052947,            0.062109,            0.013867,            0.038416,            0.014506,           0.0055171,            0.080486,            0.052318,            0.065798,            0.008284,            0.008284,            0.008284
                  54,            0.077313,            0.055878,            0.062906,            0.015658,             0.07702,            0.017812,           0.0077237,            0.079736,            0.052219,            0.065577,            0.008251,            0.008251,            0.008251
                  55,            0.075792,            0.051317,            0.061925,            0.016054,            0.054237,            0.020443,           0.0060355,            0.077619,            0.058761,            0.065672,            0.008218,            0.008218,            0.008218
                  56,            0.080048,            0.056835,            0.062296,            0.014334,            0.062689,            0.015882,           0.0064329,            0.084036,            0.051941,            0.065287,            0.008185,            0.008185,            0.008185
                  57,            0.076945,             0.06133,            0.061666,             0.41908,            0.018376,            0.017196,           0.0080304,            0.075539,            0.058939,            0.065304,            0.008152,            0.008152,            0.008152
                  58,             0.07381,            0.060356,            0.060588,            0.027771,            0.058783,            0.023406,           0.0054139,            0.078192,            0.057453,            0.065431,            0.008119,            0.008119,            0.008119
                  59,            0.075769,            0.057078,            0.060537,            0.022901,            0.057266,             0.02467,           0.0088768,             0.07913,            0.054905,            0.065037,            0.008086,            0.008086,            0.008086
                  60,            0.074918,            0.060823,            0.061065,             0.54391,            0.051044,            0.021615,           0.0071864,              0.0792,            0.056065,            0.064956,            0.008053,            0.008053,            0.008053
                  61,            0.074277,            0.049674,            0.060609,             0.49039,             0.17021,            0.081089,            0.025449,            0.075533,            0.047208,            0.064557,             0.00802,             0.00802,             0.00802
                  62,            0.074806,            0.052924,             0.06195,             0.59641,             0.06962,            0.023635,           0.0085611,            0.076807,            0.051804,            0.064675,            0.007987,            0.007987,            0.007987
                  63,            0.071978,            0.057689,            0.061476,             0.60641,            0.048504,            0.025485,           0.0099558,            0.078661,            0.055512,            0.064784,            0.007954,            0.007954,            0.007954
                  64,            0.073612,            0.048847,            0.061979,             0.44178,            0.067381,            0.018758,           0.0073813,            0.073998,            0.048623,            0.064519,            0.007921,            0.007921,            0.007921
                  65,            0.070044,            0.049009,            0.061324,             0.50008,            0.094938,            0.035192,            0.010692,            0.075475,            0.054598,            0.064804,            0.007888,            0.007888,            0.007888
                  66,            0.072948,            0.049876,            0.060216,             0.53606,             0.16397,            0.061963,            0.021269,            0.077156,            0.049433,            0.064361,            0.007855,            0.007855,            0.007855
                  67,            0.068788,            0.051388,            0.061502,              0.5568,             0.15716,            0.085638,            0.027013,            0.074478,            0.050459,             0.06445,            0.007822,            0.007822,            0.007822
                  68,            0.071223,            0.057486,            0.060558,             0.57183,            0.057813,            0.036779,             0.01474,            0.073397,              0.0516,            0.064247,            0.007789,            0.007789,            0.007789
                  69,            0.072537,            0.049766,            0.059943,             0.47734,             0.18074,            0.056044,            0.017269,            0.078501,            0.048396,             0.06406,            0.007756,            0.007756,            0.007756
                  70,            0.071784,             0.06453,            0.059974,             0.62276,            0.060906,            0.028063,            0.012409,            0.072439,            0.057066,            0.064297,            0.007723,            0.007723,            0.007723
                  71,            0.067996,            0.051277,            0.058989,             0.51775,             0.15709,            0.094975,            0.027513,            0.072854,             0.04909,            0.063979,             0.00769,             0.00769,             0.00769
                  72,            0.066567,            0.049545,            0.060257,             0.65059,            0.051706,             0.03322,            0.015118,            0.074413,            0.051654,            0.064061,            0.007657,            0.007657,            0.007657
                  73,            0.070201,            0.054901,            0.060289,             0.57313,            0.082105,            0.037949,             0.01251,            0.074725,            0.050325,            0.063986,            0.007624,            0.007624,            0.007624
                  74,            0.069498,             0.05906,            0.059183,             0.50673,             0.16209,            0.091375,            0.029758,            0.073129,            0.048106,            0.063929,            0.007591,            0.007591,            0.007591
                  75,             0.06748,            0.055224,            0.060178,              0.5226,             0.15512,             0.10817,            0.030802,            0.074099,            0.050435,            0.064053,            0.007558,            0.007558,            0.007558
                  76,             0.07034,            0.053102,            0.059334,             0.52725,              0.1518,              0.1026,            0.040206,            0.070302,            0.048665,            0.063829,            0.007525,            0.007525,            0.007525
                  77,             0.07061,            0.047917,            0.060555,             0.49207,              0.1158,            0.068216,            0.021286,             0.08229,            0.048905,            0.064302,            0.007492,            0.007492,            0.007492
                  78,            0.067077,            0.049739,             0.05887,             0.55864,             0.14116,             0.08456,            0.025876,            0.070987,            0.048948,            0.063784,            0.007459,            0.007459,            0.007459
                  79,            0.065006,            0.049738,            0.060134,             0.51866,             0.13012,            0.083843,            0.026018,            0.078198,            0.047878,            0.063736,            0.007426,            0.007426,            0.007426
                  80,             0.06954,            0.052875,            0.060555,             0.55021,             0.14692,             0.10791,            0.037245,            0.070008,            0.047333,            0.063353,            0.007393,            0.007393,            0.007393
                  81,            0.067284,            0.051886,            0.058869,             0.49973,             0.15325,            0.074496,             0.02918,            0.073301,             0.04694,            0.063305,             0.00736,             0.00736,             0.00736
                  82,            0.066486,            0.058428,             0.05967,             0.60246,            0.067598,            0.041626,            0.016021,             0.06882,            0.048217,            0.063166,            0.007327,            0.007327,            0.007327
                  83,            0.065263,            0.053115,            0.058398,             0.54383,             0.17633,             0.11431,            0.039765,            0.075354,            0.045795,            0.063214,            0.007294,            0.007294,            0.007294
                  84,            0.067357,            0.054509,            0.058782,             0.50565,             0.15157,            0.098064,            0.037351,            0.069646,            0.045459,            0.063018,            0.007261,            0.007261,            0.007261
                  85,            0.067034,            0.052501,            0.058744,             0.54126,             0.17694,             0.12291,            0.051488,            0.068775,            0.045654,            0.062961,            0.007228,            0.007228,            0.007228
                  86,             0.06454,            0.044695,            0.060118,              0.5318,             0.17909,             0.11309,            0.039194,             0.07006,            0.046826,            0.063065,            0.007195,            0.007195,            0.007195
                  87,            0.067358,             0.05183,            0.058438,             0.55543,             0.17192,             0.12352,            0.055092,            0.068684,            0.046224,            0.062751,            0.007162,            0.007162,            0.007162
                  88,            0.061513,            0.049182,            0.060155,             0.54988,             0.17287,             0.12591,            0.042848,            0.067169,            0.047398,            0.062756,            0.007129,            0.007129,            0.007129
                  89,            0.064777,            0.048713,            0.059031,             0.53907,             0.16638,             0.13125,            0.048677,            0.069424,            0.044871,            0.062657,            0.007096,            0.007096,            0.007096
                  90,             0.06469,            0.044234,            0.059766,             0.56276,             0.16728,             0.13436,            0.048204,             0.07029,            0.044969,            0.062584,            0.007063,            0.007063,            0.007063
                  91,            0.062208,             0.04787,            0.057583,             0.56262,             0.17331,             0.13327,            0.056937,            0.066955,            0.045351,            0.062363,             0.00703,             0.00703,             0.00703
                  92,            0.066623,            0.048147,             0.05825,             0.55161,             0.16589,             0.11489,            0.035781,            0.071998,            0.046532,            0.062354,            0.006997,            0.006997,            0.006997
                  93,            0.067158,            0.054238,            0.060244,             0.55311,             0.18491,             0.14209,            0.061271,            0.067557,            0.045378,            0.062304,            0.006964,            0.006964,            0.006964
                  94,            0.061305,            0.048679,            0.058344,             0.56909,             0.16011,             0.12583,            0.045462,            0.066585,            0.046718,            0.062152,            0.006931,            0.006931,            0.006931
                  95,            0.059189,            0.050681,            0.058577,             0.54569,             0.15362,             0.13392,            0.051681,            0.068074,            0.045527,            0.062239,            0.006898,            0.006898,            0.006898
                  96,            0.063632,            0.054746,            0.056925,             0.56999,             0.16229,             0.11212,            0.037676,            0.069139,            0.045514,            0.062448,            0.006865,            0.006865,            0.006865
                  97,             0.06334,            0.053672,            0.057405,             0.55352,             0.15295,             0.13726,            0.057662,            0.065668,            0.044994,             0.06216,            0.006832,            0.006832,            0.006832
                  98,            0.061667,            0.044764,            0.058695,             0.52382,             0.15274,             0.10187,             0.04039,            0.069404,            0.046281,            0.062185,            0.006799,            0.006799,            0.006799
                  99,            0.063296,            0.052448,            0.057772,             0.56022,             0.17001,             0.14396,            0.059872,            0.067999,            0.046637,            0.061948,            0.006766,            0.006766,            0.006766
                 100,            0.063099,            0.052184,            0.057968,             0.59315,             0.15885,             0.15226,            0.063325,            0.065434,            0.048264,            0.061828,            0.006733,            0.006733,            0.006733
                 101,            0.064276,            0.045956,            0.057935,             0.56362,             0.16374,             0.12813,            0.055663,            0.069164,            0.046412,            0.061799,              0.0067,              0.0067,              0.0067
                 102,            0.062249,            0.049426,            0.056915,             0.58993,              0.1769,             0.15061,            0.060051,            0.065267,            0.044972,            0.061883,            0.006667,            0.006667,            0.006667
                 103,            0.059812,            0.053399,             0.05804,             0.57457,             0.16686,             0.15473,            0.060142,            0.064827,            0.045464,            0.061902,            0.006634,            0.006634,            0.006634
                 104,            0.062088,            0.051157,            0.057306,              0.5739,             0.17987,             0.14789,            0.052011,            0.066201,            0.044955,            0.061893,            0.006601,            0.006601,            0.006601
                 105,            0.061317,             0.04968,             0.05696,             0.56955,             0.15596,             0.15373,            0.066625,            0.067417,            0.044291,            0.061728,            0.006568,            0.006568,            0.006568
                 106,            0.062221,            0.046916,            0.057036,             0.58554,              0.1822,             0.14126,            0.055373,            0.064084,            0.044577,            0.061829,            0.006535,            0.006535,            0.006535
                 107,             0.05923,            0.049042,              0.0574,              0.5766,             0.17108,             0.15628,            0.062221,            0.067737,            0.044508,            0.061717,            0.006502,            0.006502,            0.006502
                 108,            0.063457,            0.049528,            0.056016,             0.59172,             0.16862,             0.13876,            0.050166,            0.065434,            0.045659,            0.061828,            0.006469,            0.006469,            0.006469
                 109,            0.063465,            0.049925,            0.057464,             0.57553,             0.17935,             0.14564,            0.067693,            0.063358,            0.044272,            0.061793,            0.006436,            0.006436,            0.006436
                 110,            0.062892,            0.046462,             0.05842,              0.5531,             0.15867,             0.12179,            0.042586,             0.06827,            0.044694,            0.061907,            0.006403,            0.006403,            0.006403
                 111,            0.060108,            0.048892,            0.056188,             0.56814,             0.16645,             0.15897,            0.070979,            0.064951,            0.045637,            0.061647,             0.00637,             0.00637,             0.00637
                 112,            0.063042,            0.051903,             0.05669,             0.57993,             0.17533,             0.14366,            0.054889,            0.065178,            0.045776,            0.061756,            0.006337,            0.006337,            0.006337
                 113,            0.058387,            0.046041,            0.057688,             0.58081,             0.16847,             0.15784,            0.070497,             0.06423,            0.048162,            0.061486,            0.006304,            0.006304,            0.006304
                 114,            0.061706,            0.045431,            0.056857,              0.5981,             0.15171,             0.14213,            0.047183,            0.068662,            0.047722,            0.061849,            0.006271,            0.006271,            0.006271
                 115,            0.059356,            0.049689,            0.057799,             0.56196,             0.16713,             0.14581,            0.063438,            0.064538,            0.048232,            0.061415,            0.006238,            0.006238,            0.006238
                 116,            0.059542,            0.045037,            0.057044,             0.58764,             0.16369,              0.1426,            0.055494,            0.068332,            0.047284,            0.061517,            0.006205,            0.006205,            0.006205
                 117,            0.062467,            0.051538,            0.056797,             0.57375,             0.17565,             0.16566,            0.067604,            0.064057,            0.046587,            0.061135,            0.006172,            0.006172,            0.006172
                 118,            0.058387,            0.045559,            0.055461,             0.58727,             0.16708,             0.14543,            0.055383,            0.066424,            0.046367,            0.061157,            0.006139,            0.006139,            0.006139
                 119,            0.059946,            0.052829,            0.055547,             0.60265,             0.18344,             0.16384,             0.07492,            0.063198,            0.046326,            0.060919,            0.006106,            0.006106,            0.006106
                 120,            0.057955,             0.04398,            0.057051,               0.587,              0.1709,             0.13848,             0.04482,            0.066166,            0.046505,            0.061012,            0.006073,            0.006073,            0.006073
                 121,            0.057359,             0.05004,            0.056113,             0.59436,             0.18065,             0.16065,            0.073435,            0.063597,            0.045168,            0.060995,             0.00604,             0.00604,             0.00604
                 122,            0.060541,            0.047783,            0.055997,             0.60161,             0.17141,             0.16193,            0.063144,            0.064811,            0.045678,            0.060984,            0.006007,            0.006007,            0.006007
                 123,            0.059718,            0.047535,            0.054669,             0.61662,             0.17473,             0.16476,            0.077381,            0.064897,            0.046013,             0.06065,            0.005974,            0.005974,            0.005974
                 124,            0.061303,            0.058046,            0.055211,             0.61224,             0.18623,             0.15037,            0.060532,             0.06358,            0.044725,            0.060806,            0.005941,            0.005941,            0.005941
                 125,            0.057344,             0.04528,             0.05547,             0.63393,             0.17599,             0.16542,            0.072987,            0.063487,            0.047103,            0.060622,            0.005908,            0.005908,            0.005908
                 126,            0.057927,            0.050793,            0.056436,             0.60269,              0.1671,             0.13034,            0.046008,            0.066344,            0.045264,            0.060836,            0.005875,            0.005875,            0.005875
                 127,            0.055454,            0.045017,            0.055149,             0.61654,             0.17099,             0.15019,            0.065297,            0.064259,            0.047096,            0.060711,            0.005842,            0.005842,            0.005842
                 128,            0.057545,            0.049562,            0.055555,              0.6173,             0.16826,             0.14566,            0.060781,            0.063778,            0.046729,            0.060789,            0.005809,            0.005809,            0.005809
                 129,            0.055781,            0.047311,            0.055725,             0.63158,             0.17909,             0.15689,            0.069628,            0.062851,            0.046787,            0.060786,            0.005776,            0.005776,            0.005776
                 130,            0.059826,            0.047713,            0.055358,             0.60499,             0.15598,             0.13425,            0.048712,            0.065965,            0.047873,            0.061055,            0.005743,            0.005743,            0.005743
                 131,             0.05691,            0.046216,            0.056118,             0.61328,             0.17286,             0.16429,            0.069064,            0.064971,            0.047337,            0.060781,             0.00571,             0.00571,             0.00571
                 132,            0.058048,            0.050449,            0.054285,             0.60791,              0.1696,              0.1395,            0.049279,            0.064952,            0.046212,            0.060855,            0.005677,            0.005677,            0.005677
                 133,            0.056379,            0.046371,             0.05517,             0.62549,             0.17974,             0.15921,            0.070504,             0.06435,            0.049402,            0.060671,            0.005644,            0.005644,            0.005644
                 134,            0.054741,            0.048665,            0.054292,             0.60179,              0.1461,             0.12882,            0.050059,            0.064489,            0.047425,            0.060854,            0.005611,            0.005611,            0.005611
                 135,            0.057069,              0.0466,             0.05407,             0.62649,             0.18483,             0.16477,             0.06562,            0.063483,            0.046648,            0.060783,            0.005578,            0.005578,            0.005578
                 136,            0.057622,             0.04182,            0.054951,             0.61971,             0.15998,              0.1545,            0.060099,            0.064038,            0.048133,            0.060739,            0.005545,            0.005545,            0.005545
                 137,            0.061441,            0.059323,            0.055734,             0.61369,             0.18702,             0.16177,            0.073969,            0.061611,            0.045065,            0.060476,            0.005512,            0.005512,            0.005512
                 138,            0.055397,             0.04797,            0.054208,              0.6196,              0.1768,             0.15178,            0.058004,            0.064048,            0.046554,            0.060516,            0.005479,            0.005479,            0.005479
                 139,            0.054729,            0.041092,            0.055005,             0.61914,             0.18339,             0.16557,            0.073137,            0.063484,            0.048161,            0.060087,            0.005446,            0.005446,            0.005446
                 140,             0.05724,             0.04614,            0.055186,             0.61509,             0.17926,             0.15081,            0.055815,            0.065525,            0.046687,            0.060193,            0.005413,            0.005413,            0.005413
                 141,             0.05926,            0.052656,            0.053456,             0.62175,             0.18184,             0.17724,            0.076585,             0.06176,            0.046105,            0.059933,             0.00538,             0.00538,             0.00538
                 142,            0.057655,            0.046256,            0.054598,             0.61261,             0.17678,             0.15417,            0.064336,             0.06451,            0.047124,             0.05993,            0.005347,            0.005347,            0.005347
                 143,            0.056311,            0.052684,             0.05378,             0.63039,             0.19571,             0.18204,            0.081515,            0.063491,            0.047046,            0.059747,            0.005314,            0.005314,            0.005314
                 144,            0.056104,            0.045053,            0.054412,             0.63107,             0.19083,             0.16671,            0.073408,            0.063092,             0.04722,            0.059778,            0.005281,            0.005281,            0.005281
                 145,            0.055674,            0.043262,            0.055458,             0.62697,             0.18542,             0.17482,            0.073355,            0.064288,            0.047667,            0.059688,            0.005248,            0.005248,            0.005248
                 146,            0.057132,            0.050689,            0.053549,              0.6195,             0.19263,             0.16437,            0.062692,            0.063377,             0.04566,            0.060119,            0.005215,            0.005215,            0.005215
                 147,            0.055571,            0.045774,            0.054261,             0.62081,             0.19093,             0.16873,            0.075242,            0.063147,            0.047103,            0.060001,            0.005182,            0.005182,            0.005182
                 148,            0.053429,            0.036762,            0.054357,             0.60152,             0.17383,             0.14486,            0.054336,            0.064112,            0.048925,            0.059988,            0.005149,            0.005149,            0.005149
                 149,            0.054341,            0.048941,            0.053506,             0.61359,             0.19795,              0.1625,             0.06967,            0.062768,            0.045822,            0.059942,            0.005116,            0.005116,            0.005116
                 150,            0.055096,            0.044547,            0.052253,             0.60166,             0.18055,             0.15227,            0.057162,              0.0633,            0.046171,            0.059998,            0.005083,            0.005083,            0.005083
                 151,            0.056123,            0.044783,             0.05462,             0.60516,             0.20573,             0.15498,            0.065549,             0.06296,            0.045712,             0.05992,             0.00505,             0.00505,             0.00505
                 152,            0.054326,            0.043516,            0.053137,             0.62183,             0.19668,             0.17119,             0.06961,            0.062911,            0.045753,            0.059726,            0.005017,            0.005017,            0.005017
                 153,            0.052552,            0.041575,            0.055006,             0.61604,             0.19236,             0.15833,            0.068283,            0.063915,            0.046668,             0.05953,            0.004984,            0.004984,            0.004984
                 154,            0.052241,            0.046992,            0.054437,             0.60905,             0.19548,             0.15889,            0.067089,            0.061523,            0.046144,            0.059806,            0.004951,            0.004951,            0.004951
                 155,            0.056313,            0.047045,            0.052563,             0.62413,              0.2012,             0.16209,            0.068919,            0.063256,            0.045448,            0.060238,            0.004918,            0.004918,            0.004918
                 156,            0.051934,            0.041945,            0.054735,             0.62527,             0.20258,             0.17051,            0.066564,            0.062172,            0.047034,            0.059964,            0.004885,            0.004885,            0.004885
                 157,             0.05421,            0.041892,            0.052373,             0.59378,             0.18877,             0.15229,            0.062226,            0.062397,             0.04631,            0.060214,            0.004852,            0.004852,            0.004852
                 158,            0.052351,            0.039765,            0.053897,             0.60458,             0.19671,              0.1653,            0.071055,            0.062352,            0.046917,            0.059665,            0.004819,            0.004819,            0.004819
                 159,            0.051109,            0.046113,            0.055471,             0.59884,             0.18336,             0.14943,            0.064989,            0.062584,            0.046203,            0.059842,            0.004786,            0.004786,            0.004786
                 160,            0.052438,            0.040137,            0.052942,              0.5919,             0.18877,             0.16138,            0.066009,            0.062416,            0.046034,            0.059527,            0.004753,            0.004753,            0.004753
                 161,            0.053182,            0.045101,            0.052981,             0.60336,             0.18515,             0.15144,            0.067507,            0.062651,            0.045744,            0.059528,             0.00472,             0.00472,             0.00472
                 162,            0.052453,            0.044549,            0.053483,               0.595,             0.19103,             0.15978,            0.063875,            0.061963,            0.046904,            0.059384,            0.004687,            0.004687,            0.004687
                 163,            0.052514,            0.043709,            0.053931,             0.59464,             0.17631,             0.15549,            0.068845,            0.062288,            0.046174,            0.059536,            0.004654,            0.004654,            0.004654
                 164,            0.051505,             0.04358,            0.053344,             0.60433,             0.18626,             0.16043,            0.067515,            0.062206,            0.046831,            0.059406,            0.004621,            0.004621,            0.004621
                 165,            0.054363,            0.047785,              0.0528,             0.61742,             0.17599,             0.15008,            0.064904,            0.063445,            0.047484,            0.059403,            0.004588,            0.004588,            0.004588
                 166,            0.052784,            0.042448,            0.053876,             0.61742,             0.18615,             0.16684,            0.070435,            0.061897,            0.047736,            0.059286,            0.004555,            0.004555,            0.004555
                 167,            0.054706,            0.047264,             0.05289,             0.62301,             0.18833,             0.16299,            0.065257,            0.063207,            0.046795,            0.059356,            0.004522,            0.004522,            0.004522
                 168,            0.051741,             0.04176,            0.052413,             0.61603,             0.19413,             0.17503,            0.074163,            0.061928,            0.048494,            0.059126,            0.004489,            0.004489,            0.004489
                 169,            0.053361,            0.052231,            0.052022,             0.59811,             0.18691,             0.16576,            0.070523,             0.06276,            0.047779,            0.059206,            0.004456,            0.004456,            0.004456
                 170,            0.051608,            0.042347,            0.053477,             0.58879,             0.17759,             0.15947,            0.073917,            0.063199,            0.049068,            0.059052,            0.004423,            0.004423,            0.004423
                 171,            0.054576,            0.041676,            0.053855,              0.6027,              0.1856,             0.17285,            0.060278,            0.063208,            0.049965,            0.059369,             0.00439,             0.00439,             0.00439
                 172,            0.055455,              0.0484,            0.051833,             0.59783,             0.18196,             0.17345,             0.07453,            0.061278,             0.04861,            0.059344,            0.004357,            0.004357,            0.004357
                 173,            0.051455,            0.040066,            0.053664,             0.60794,             0.18296,              0.1728,            0.063113,            0.063175,            0.049393,            0.059302,            0.004324,            0.004324,            0.004324
                 174,            0.050485,            0.042183,            0.051111,             0.60644,             0.18907,             0.16252,            0.069622,             0.06213,            0.049407,            0.059381,            0.004291,            0.004291,            0.004291
                 175,            0.049729,            0.045524,            0.053283,             0.59591,             0.17628,             0.16888,            0.073651,            0.061998,            0.048616,            0.059312,            0.004258,            0.004258,            0.004258
                 176,            0.049249,            0.040958,            0.052943,             0.60812,             0.19723,              0.1581,            0.071114,            0.062353,            0.049619,            0.059109,            0.004225,            0.004225,            0.004225
                 177,            0.053852,            0.042121,             0.05303,             0.58474,             0.16016,              0.1504,              0.0674,            0.062367,            0.049648,             0.05918,            0.004192,            0.004192,            0.004192
                 178,            0.051687,            0.042169,             0.05192,             0.59754,             0.18103,             0.15529,            0.076316,            0.061612,            0.048437,            0.059128,            0.004159,            0.004159,            0.004159
                 179,            0.053712,            0.044361,            0.051763,             0.60817,              0.1791,             0.15878,            0.068321,            0.061713,            0.049166,             0.05925,            0.004126,            0.004126,            0.004126
                 180,            0.053737,            0.042017,            0.051767,             0.61067,             0.18659,             0.16161,            0.075707,            0.060919,            0.050263,            0.059105,            0.004093,            0.004093,            0.004093
                 181,            0.049835,            0.040178,            0.051583,             0.61258,             0.17164,             0.16238,            0.072694,            0.060656,            0.049419,             0.05904,             0.00406,             0.00406,             0.00406
                 182,            0.048847,            0.045628,            0.054052,              0.6135,             0.18436,             0.17012,            0.074805,            0.060955,            0.048625,            0.058887,            0.004027,            0.004027,            0.004027
                 183,            0.048523,            0.040963,            0.052403,             0.60838,             0.17369,             0.15801,            0.066371,            0.061771,            0.051063,            0.058816,            0.003994,            0.003994,            0.003994
                 184,            0.049189,            0.043482,            0.051938,             0.61946,             0.18112,             0.16874,            0.078533,            0.060941,            0.047856,            0.058893,            0.003961,            0.003961,            0.003961
                 185,            0.051509,             0.04555,            0.051206,             0.62594,              0.1628,              0.1421,            0.062856,            0.063649,            0.047629,            0.059482,            0.003928,            0.003928,            0.003928
                 186,            0.051886,            0.041826,            0.051494,             0.59028,             0.18648,             0.16114,            0.069807,            0.061894,            0.047276,            0.059379,            0.003895,            0.003895,            0.003895
                 187,            0.052389,            0.043594,            0.051878,             0.58147,             0.16674,             0.15289,            0.063625,            0.062094,            0.047832,            0.059509,            0.003862,            0.003862,            0.003862
                 188,             0.05035,            0.040118,            0.050942,             0.60425,             0.17968,             0.16029,             0.06817,            0.061699,            0.047408,            0.059478,            0.003829,            0.003829,            0.003829
                 189,            0.053257,            0.041159,            0.050173,             0.59612,             0.18276,             0.13502,            0.055627,              0.0646,            0.048376,            0.060043,            0.003796,            0.003796,            0.003796
                 190,             0.05201,             0.04381,            0.051401,             0.62024,             0.18767,             0.15552,            0.066625,            0.061353,            0.048562,            0.059692,            0.003763,            0.003763,            0.003763
                 191,            0.046563,            0.038822,            0.053168,             0.61682,             0.18605,             0.17178,            0.076659,            0.061696,            0.049074,            0.059198,             0.00373,             0.00373,             0.00373
                 192,            0.048975,            0.043315,            0.052339,             0.63665,             0.19362,               0.167,            0.066216,            0.061075,            0.047748,            0.058988,            0.003697,            0.003697,            0.003697
                 193,            0.049201,            0.041021,            0.050789,             0.61686,             0.19159,             0.17542,            0.077888,            0.061111,            0.047555,            0.058578,            0.003664,            0.003664,            0.003664
                 194,            0.046931,            0.034756,            0.051705,             0.63727,              0.1895,             0.17917,             0.07375,            0.061809,            0.048613,            0.058451,            0.003631,            0.003631,            0.003631
                 195,            0.050801,             0.04898,            0.052509,             0.64901,             0.20068,             0.18558,            0.074733,            0.060256,            0.047258,            0.058527,            0.003598,            0.003598,            0.003598
                 196,            0.050614,            0.042996,            0.051071,             0.63854,             0.20247,             0.17919,            0.078386,            0.060275,            0.047671,            0.058324,            0.003565,            0.003565,            0.003565
                 197,            0.048517,            0.038048,            0.050511,             0.64576,             0.19245,              0.1829,            0.082217,            0.060756,            0.048108,            0.058493,            0.003532,            0.003532,            0.003532
                 198,            0.049838,            0.042579,            0.051184,             0.61568,             0.18649,             0.16138,            0.075678,            0.061491,            0.047434,            0.058289,            0.003499,            0.003499,            0.003499
                 199,             0.05101,            0.038712,            0.052413,             0.63116,             0.18944,             0.17717,            0.078966,            0.060895,            0.047891,             0.05819,            0.003466,            0.003466,            0.003466
                 200,            0.050629,            0.048562,            0.049645,             0.62517,             0.17038,             0.16404,            0.074458,            0.062237,            0.047786,            0.058255,            0.003433,            0.003433,            0.003433
                 201,             0.05024,            0.038892,            0.051788,             0.65579,             0.18664,             0.18053,            0.081224,            0.060439,            0.047883,            0.058055,              0.0034,              0.0034,              0.0034
                 202,            0.048675,            0.041577,            0.052001,             0.63106,             0.16903,             0.15573,            0.072266,            0.061223,            0.047753,            0.058243,            0.003367,            0.003367,            0.003367
                 203,            0.048767,            0.042845,             0.05172,             0.62241,             0.18745,             0.16587,            0.071799,            0.061941,            0.047749,            0.058116,            0.003334,            0.003334,            0.003334
                 204,            0.049161,            0.042737,            0.050966,             0.62833,             0.16908,             0.16035,              0.0758,            0.060663,            0.048003,            0.058079,            0.003301,            0.003301,            0.003301
                 205,            0.048242,            0.037011,            0.050923,             0.64364,             0.17779,             0.16852,            0.078791,            0.060838,            0.048138,            0.058102,            0.003268,            0.003268,            0.003268
                 206,            0.047439,             0.04068,            0.048816,             0.62964,             0.17861,             0.16699,            0.077228,            0.060484,             0.04817,            0.058423,            0.003235,            0.003235,            0.003235
                 207,            0.050508,            0.046327,            0.050342,             0.63605,             0.19403,             0.17726,            0.081834,            0.060792,            0.048127,            0.058399,            0.003202,            0.003202,            0.003202
                 208,            0.051754,            0.048914,            0.049861,             0.60921,             0.18568,             0.15573,            0.069287,            0.061145,            0.048034,            0.058725,            0.003169,            0.003169,            0.003169
                 209,            0.047978,            0.041531,            0.050235,             0.62544,             0.19627,              0.1718,            0.078626,            0.060124,            0.047969,            0.058494,            0.003136,            0.003136,            0.003136
                 210,            0.048665,            0.039756,             0.04894,             0.61909,             0.18659,              0.1612,            0.069209,            0.061394,            0.048538,            0.058621,            0.003103,            0.003103,            0.003103
                 211,            0.050095,            0.043476,            0.051131,             0.63295,             0.19942,             0.18302,            0.082976,            0.060393,            0.048169,            0.058422,             0.00307,             0.00307,             0.00307
                 212,            0.046978,            0.037311,            0.052339,             0.64104,             0.17867,             0.17128,            0.079006,            0.061348,             0.04799,            0.058352,            0.003037,            0.003037,            0.003037
                 213,             0.05172,             0.04703,            0.050181,              0.6508,             0.18643,              0.1718,            0.078754,            0.060626,            0.047772,            0.058178,            0.003004,            0.003004,            0.003004
                 214,             0.05085,            0.046221,            0.050572,             0.65348,              0.1877,             0.17511,            0.076815,             0.06178,            0.048657,            0.058193,            0.002971,            0.002971,            0.002971
                 215,            0.046455,            0.042005,            0.051981,              0.6408,             0.19108,             0.18564,            0.087745,             0.06073,            0.049608,             0.05804,            0.002938,            0.002938,            0.002938
                 216,               0.049,            0.042124,            0.049795,             0.65573,             0.17091,             0.17247,              0.0805,            0.061462,            0.049684,            0.058024,            0.002905,            0.002905,            0.002905
                 217,            0.048521,            0.043724,            0.050061,             0.64289,             0.19407,             0.18927,            0.085063,             0.06105,            0.049277,            0.057776,            0.002872,            0.002872,            0.002872
                 218,             0.04497,            0.040573,            0.050975,             0.62553,             0.20864,             0.19342,            0.084079,            0.060702,            0.049296,            0.057601,            0.002839,            0.002839,            0.002839
                 219,            0.047792,             0.04288,            0.050571,             0.64035,             0.19374,             0.17914,            0.079981,            0.062543,            0.049877,            0.057747,            0.002806,            0.002806,            0.002806
                 220,            0.048078,            0.043123,            0.049274,             0.63584,             0.19896,              0.1863,             0.08682,            0.060432,            0.049199,            0.057553,            0.002773,            0.002773,            0.002773
                 221,            0.048305,            0.043358,            0.050901,             0.65136,             0.18245,             0.17313,            0.080897,            0.060847,            0.050299,            0.057622,             0.00274,             0.00274,             0.00274
                 222,            0.046959,            0.042627,            0.051549,             0.64981,             0.19801,             0.19914,            0.087504,            0.060619,            0.049953,            0.057681,            0.002707,            0.002707,            0.002707
                 223,            0.048941,            0.040555,            0.048672,             0.67167,             0.17646,             0.17483,            0.074627,            0.061881,            0.049773,            0.057792,            0.002674,            0.002674,            0.002674
                 224,            0.047065,             0.03807,             0.05037,             0.63045,             0.19146,             0.19768,            0.088696,            0.061515,            0.049756,            0.057671,            0.002641,            0.002641,            0.002641
                 225,            0.049166,            0.044915,            0.049704,             0.71482,             0.16594,             0.17467,            0.081089,            0.060851,            0.048663,            0.057754,            0.002608,            0.002608,            0.002608
                 226,            0.047031,            0.048328,            0.051638,             0.76968,             0.16011,             0.18031,            0.087578,            0.060384,            0.048311,            0.057563,            0.002575,            0.002575,            0.002575
                 227,            0.048644,            0.040113,            0.050867,             0.76118,             0.15948,             0.17477,            0.081423,            0.061246,            0.048357,            0.057596,            0.002542,            0.002542,            0.002542
                 228,            0.049006,            0.045226,            0.048512,             0.63223,             0.19591,             0.18212,            0.087743,            0.060209,            0.047965,            0.057288,            0.002509,            0.002509,            0.002509
                 229,            0.045306,            0.041091,             0.04848,               0.635,             0.18424,             0.17655,             0.08568,            0.060202,            0.047615,            0.057102,            0.002476,            0.002476,            0.002476
                 230,            0.047549,            0.041403,            0.049843,             0.63207,             0.20638,             0.18461,             0.08622,            0.060136,            0.047664,            0.057019,            0.002443,            0.002443,            0.002443
                 231,            0.047474,            0.037832,             0.04929,             0.55513,              0.1983,             0.17807,            0.080617,            0.061715,            0.047802,             0.05715,             0.00241,             0.00241,             0.00241
                 232,            0.048382,            0.042874,            0.049257,             0.55196,             0.19108,             0.17431,            0.087551,            0.060456,            0.047949,            0.057201,            0.002377,            0.002377,            0.002377
                 233,            0.048778,            0.042571,            0.048782,             0.56543,             0.19011,             0.18181,            0.082562,            0.061113,            0.048154,            0.057351,            0.002344,            0.002344,            0.002344
                 234,            0.047073,            0.042959,            0.048734,             0.56165,             0.18957,             0.17624,            0.090021,            0.060883,            0.048311,            0.057367,            0.002311,            0.002311,            0.002311
                 235,            0.048113,            0.049936,            0.050134,             0.56438,             0.19433,             0.17963,            0.086863,            0.060409,            0.048277,             0.05734,            0.002278,            0.002278,            0.002278
                 236,            0.047707,            0.042295,             0.04962,             0.56864,             0.19712,             0.17902,            0.086155,             0.06052,            0.048334,             0.05724,            0.002245,            0.002245,            0.002245
                 237,            0.051108,            0.041737,            0.049849,             0.58206,             0.21119,             0.18321,            0.086509,            0.060479,            0.049198,            0.057109,            0.002212,            0.002212,            0.002212
                 238,            0.050636,            0.048282,            0.048805,              0.5516,             0.17926,             0.15859,            0.070818,            0.062156,            0.048497,            0.057234,            0.002179,            0.002179,            0.002179
                 239,             0.04876,            0.045736,            0.047942,              0.6435,            0.095083,            0.072436,             0.03759,            0.060605,            0.048468,            0.057209,            0.002146,            0.002146,            0.002146
                 240,            0.049178,            0.044999,            0.049958,             0.56657,              0.2014,             0.18298,            0.091987,            0.060433,            0.049161,            0.057176,            0.002113,            0.002113,            0.002113
                 241,            0.045663,            0.037499,            0.049011,              0.5658,             0.19502,             0.17976,            0.085416,            0.060964,            0.049556,            0.057316,             0.00208,             0.00208,             0.00208
                 242,            0.046457,            0.036394,            0.048132,             0.56973,              0.1957,             0.18203,            0.088622,            0.060848,             0.04953,            0.057075,            0.002047,            0.002047,            0.002047
                 243,            0.049079,            0.039271,            0.049823,             0.56813,             0.19115,             0.18101,            0.083422,            0.060967,            0.049742,            0.057024,            0.002014,            0.002014,            0.002014
                 244,            0.046237,            0.040942,            0.048856,             0.56427,             0.20495,             0.17882,            0.084031,            0.060361,            0.049255,            0.056933,            0.001981,            0.001981,            0.001981
                 245,            0.047077,            0.046213,             0.04854,             0.56684,             0.20452,             0.18355,            0.082184,             0.06023,            0.049837,            0.056959,            0.001948,            0.001948,            0.001948
                 246,            0.047242,            0.039897,            0.048673,             0.57447,             0.20317,             0.18326,            0.085633,            0.060638,             0.04988,            0.057069,            0.001915,            0.001915,            0.001915
                 247,            0.048324,            0.051438,            0.047911,             0.57885,             0.19237,             0.18054,            0.087997,            0.060146,            0.049362,            0.057126,            0.001882,            0.001882,            0.001882
                 248,             0.04676,            0.044157,            0.049511,             0.57146,             0.18956,             0.17592,             0.08353,            0.060742,            0.049797,             0.05719,            0.001849,            0.001849,            0.001849
                 249,             0.04432,            0.040722,            0.047529,             0.57449,             0.18751,             0.17964,            0.085426,            0.060448,            0.050118,            0.057113,            0.001816,            0.001816,            0.001816
                 250,            0.047704,            0.046633,             0.04776,             0.56085,             0.18417,              0.1635,            0.080657,            0.061275,            0.050065,             0.05701,            0.001783,            0.001783,            0.001783
                 251,            0.047201,            0.042083,            0.049732,             0.57273,             0.19506,             0.17451,            0.083342,            0.060327,            0.049994,            0.056934,             0.00175,             0.00175,             0.00175
                 252,            0.047627,            0.048199,            0.048945,             0.56583,              0.1909,              0.1763,            0.082293,            0.060191,            0.049646,            0.056868,            0.001717,            0.001717,            0.001717
                 253,            0.045023,            0.042388,            0.048879,             0.55933,             0.18694,             0.17072,            0.083254,            0.060544,             0.04963,            0.056915,            0.001684,            0.001684,            0.001684
                 254,            0.045311,            0.042454,            0.048429,             0.57937,             0.19253,             0.17832,            0.084585,            0.060307,            0.049303,             0.05707,            0.001651,            0.001651,            0.001651
                 255,            0.046265,            0.041604,            0.048491,              0.5622,             0.18413,             0.16917,            0.079889,            0.060682,            0.049263,            0.057202,            0.001618,            0.001618,            0.001618
                 256,            0.046868,            0.037152,            0.046695,             0.57299,             0.17837,             0.17801,            0.085592,             0.06064,            0.049491,            0.057339,            0.001585,            0.001585,            0.001585
                 257,            0.046858,            0.041289,            0.048493,             0.58186,             0.17794,             0.18082,            0.088662,            0.060351,            0.049579,            0.057347,            0.001552,            0.001552,            0.001552
                 258,            0.045319,             0.04005,            0.049048,             0.63142,             0.17524,             0.17961,            0.088575,            0.060399,            0.049882,            0.057229,            0.001519,            0.001519,            0.001519
                 259,            0.045542,            0.039744,            0.048235,             0.57188,             0.18065,             0.18229,            0.089529,            0.060144,            0.049465,            0.057028,            0.001486,            0.001486,            0.001486
                 260,            0.045243,            0.037768,            0.048945,             0.56492,             0.18002,             0.17975,            0.085608,            0.060685,            0.049533,            0.056898,            0.001453,            0.001453,            0.001453
                 261,            0.046588,            0.043705,            0.047012,             0.61342,             0.17219,             0.16869,            0.080927,            0.060492,            0.049287,            0.056791,             0.00142,             0.00142,             0.00142
                 262,            0.043343,            0.038614,            0.049663,             0.57341,             0.19138,             0.18308,            0.088088,            0.059938,            0.049612,            0.056677,            0.001387,            0.001387,            0.001387
                 263,            0.046621,            0.045015,            0.049034,             0.67113,             0.17265,             0.17098,            0.086543,            0.060574,            0.049615,            0.056588,            0.001354,            0.001354,            0.001354
                 264,            0.044179,            0.042297,            0.048446,             0.57825,             0.19107,             0.18474,            0.087351,             0.06011,             0.04942,            0.056475,            0.001321,            0.001321,            0.001321
                 265,            0.044638,            0.039545,            0.048722,              0.5814,             0.19264,              0.1857,            0.091186,            0.059934,            0.049635,            0.056427,            0.001288,            0.001288,            0.001288
                 266,            0.044417,            0.039594,            0.049122,             0.58371,             0.19136,             0.18639,            0.088925,            0.060181,            0.049855,            0.056409,            0.001255,            0.001255,            0.001255
                 267,            0.045045,            0.044239,            0.049528,              0.5909,             0.19404,             0.18882,            0.092516,            0.060012,            0.049806,            0.056385,            0.001222,            0.001222,            0.001222
                 268,            0.045247,            0.037328,             0.04723,             0.58352,             0.19186,             0.18974,            0.092922,            0.060112,            0.050354,            0.056438,            0.001189,            0.001189,            0.001189
                 269,            0.047047,            0.040547,            0.047189,             0.57304,             0.19022,             0.18398,            0.089217,            0.060599,            0.050601,            0.056576,            0.001156,            0.001156,            0.001156
                 270,            0.046614,            0.046662,            0.047304,             0.56798,              0.1818,             0.18666,            0.090647,            0.060533,            0.050676,            0.056618,            0.001123,            0.001123,            0.001123
                 271,            0.046213,            0.039759,              0.0484,             0.56035,             0.18446,             0.18574,            0.090136,            0.060647,            0.050358,            0.056646,             0.00109,             0.00109,             0.00109
                 272,            0.042491,            0.040495,            0.048739,              0.5556,             0.18398,             0.18496,            0.088666,            0.060506,            0.050224,             0.05673,            0.001057,            0.001057,            0.001057
                 273,            0.047028,            0.038338,            0.048952,              0.5603,             0.19132,             0.18334,            0.090295,            0.060372,            0.050134,            0.056684,            0.001024,            0.001024,            0.001024
                 274,            0.047883,            0.041085,            0.047349,             0.55242,             0.18998,             0.17586,            0.087917,            0.060869,            0.050057,            0.056764,            0.000991,            0.000991,            0.000991
                 275,            0.045229,            0.043097,            0.047306,              0.5797,             0.17222,             0.17212,            0.086706,              0.0608,            0.049553,            0.056802,            0.000958,            0.000958,            0.000958
                 276,            0.046677,            0.040529,            0.048591,             0.67526,             0.16541,             0.16977,            0.085518,            0.060436,            0.049293,            0.056802,            0.000925,            0.000925,            0.000925
                 277,            0.047369,             0.04443,            0.046634,             0.67211,              0.1656,             0.17438,             0.08817,            0.059996,            0.049272,            0.056779,            0.000892,            0.000892,            0.000892
                 278,            0.046716,            0.035528,            0.049676,             0.66525,              0.1676,             0.17739,            0.091821,            0.059863,            0.049432,              0.0567,            0.000859,            0.000859,            0.000859
                 279,            0.046992,            0.040141,            0.048282,             0.66408,             0.16909,             0.18124,             0.09222,             0.05972,            0.049692,            0.056659,            0.000826,            0.000826,            0.000826
                 280,            0.047232,            0.047824,            0.046661,             0.66955,             0.17006,             0.17873,            0.092069,            0.059789,            0.049572,            0.056698,            0.000793,            0.000793,            0.000793
                 281,            0.044999,            0.037991,            0.047471,             0.68376,             0.17578,             0.18882,            0.095008,            0.059654,            0.049507,            0.056718,             0.00076,             0.00076,             0.00076
